actor,documentos_lda,documentos_con_señal,cobertura_señal,bruto_Investigación,bruto_Desarrollo,bruto_Mercadeo,bruto_Difusión y transferencia,ajustado_Investigación,ajustado_Desarrollo,ajustado_Mercadeo,ajustado_Difusión y transferencia,capacidad_predominante,calidad_evidencia
ALEXANDER VON HUMBOLT,24,24,1.0,0.5018162393162393,0.09027777777777778,0.07777777777777778,0.3301282051282051,0.46323217078342427,0.15265321781291274,0.10328092506143483,0.28083368634222816,Investigación,Perfil documental estimado
ASOCAÑA,15,13,0.8666666666666667,0.17740231587859295,0.30521740043317913,0.20599309461448012,0.31138718907374774,0.2614145291073214,0.3039725628088563,0.18794760936566776,0.2466652987181545,Desarrollo,Perfil documental estimado
BANCO AGRARIO,3,3,1.0,0.30303030303030304,0.6969696969696969,0.0,0.0,0.3550303824721225,0.3934193715293429,0.12652959887862442,0.1250206471199103,Desarrollo,Evidencia limitada
BANCOLDEX,12,10,0.8333333333333334,0.2108839077589078,0.3457781801531801,0.09593531468531469,0.3474025974025974,0.29075715703178806,0.3240662270252084,0.1302118966137632,0.25496471932924036,Desarrollo,Perfil documental estimado
BIOENERGY,3,2,0.6666666666666666,0.5,0.0,0.0,0.5,0.3921920052538902,0.2519618949143639,0.13707373211850976,0.2187723677132361,Investigación,Evidencia limitada
BIOPACIFICO,6,2,0.3333333333333333,0.0,0.5,0.5,0.0,0.3088586719205569,0.3352952282476972,0.22040706545184308,0.1354390343799028,Desarrollo,Evidencia limitada
BIOTEC,4,2,0.5,0.5227272727272727,0.0,0.0,0.4772727272727273,0.395979884041769,0.2519618949143639,0.13707373211850976,0.21498448892535732,Investigación,Evidencia limitada
CENICAÑA,113,97,0.8584070796460177,0.31634159443881144,0.4030078696791077,0.11278010990633684,0.16787042597574406,0.3214153151739382,0.39360099156865236,0.11761266772277372,0.16737102553463556,Desarrollo,Perfil documental estimado
CENIPALMA,4,4,1.0,0.296875,0.2890625,0.10850694444444445,0.3055555555555556,0.349557433074763,0.2985566242123119,0.1484937545142782,0.20339218819864685,Investigación,Evidencia limitada
CIAMSA,3,2,0.6666666666666666,0.3333333333333333,0.0,0.6666666666666666,0.0,0.36441422747611246,0.25196189491436394,0.2481848432296209,0.13543903437990282,Investigación,Evidencia limitada
CIAT,88,77,0.875,0.286778835396683,0.3087504554956686,0.18323887899472593,0.22123183011292244,0.296416946995302,0.30801526220849257,0.18108366055190822,0.2144841302442973,Desarrollo,Perfil documental estimado
CORPOGEN,10,7,0.7,0.7380952380952381,0.11904761904761904,0.14285714285714285,0.0,0.5219394546890206,0.22687506307680586,0.1555814579660069,0.09560402426816668,Investigación,Evidencia limitada
CORPOICA-AGROSAVIA,612,486,0.7941176470588235,0.2555762669985752,0.41335024859587666,0.15864943773719473,0.17242404666835345,0.25789590690394,0.4111124265253396,0.15876716033407007,0.17222450623665042,Desarrollo,Perfil documental estimado
DNP,64,57,0.890625,0.1972746553623708,0.16091859833976888,0.511708383145633,0.1300983631522273,0.22314864804032564,0.182028400661779,0.45988451678691344,0.13493843451098195,Mercadeo,Perfil documental estimado
FEDEBIOCOMBUSTIBLES,30,29,0.9666666666666667,0.07672129793144757,0.1893156184710879,0.33390967364475893,0.40005340995270555,0.15208260777073493,0.21829988909317735,0.29046834156718276,0.339149161568905,Difusión y transferencia,Perfil documental estimado
FEDEPETROLEO,1,1,1.0,0.6666666666666666,0.0,0.0,0.3333333333333333,0.39754279361030453,0.2748675217247606,0.14953498049291977,0.1780547041720152,Investigación,Evidencia limitada
FEPALMA,27,25,0.9259259259259259,0.24174212967159128,0.3264434356591353,0.32961073096556964,0.1022037037037037,0.27856735156675616,0.31956081801287856,0.28243294455889595,0.11943888586146931,Desarrollo,Perfil documental estimado
FINAGRO,4,3,0.75,0.2708333333333333,0.5,0.10416666666666667,0.12499999999999999,0.34760031254205254,0.34796482607479745,0.15056806041708595,0.15386680096606414,Desarrollo,Evidencia limitada
GPC,0,0,0,0,0,0,0,0,0,0,0,Sin evidencia,Sin evidencia léxica
ICA,20,19,0.95,0.36434179855232485,0.49827175113216304,0.06920463213369392,0.06818181818181818,0.3665102839841674,0.43071400036149876,0.10206113089525179,0.10071458475908204,Desarrollo,Perfil documental estimado
INCAUCA,1,1,1.0,0.0,0.0,1.0,0.0,0.3369367330042439,0.2748675217247606,0.2404440714020107,0.14775167386898488,Investigación,Evidencia limitada
ITM,657,504,0.7671232876712328,0.4339154237681614,0.3033799402231676,0.12598786962090636,0.13671676638776467,0.43268419774747086,0.30335998562538685,0.12673690870497845,0.13721890792216387,Investigación,Perfil documental estimado
MADR,1,1,1.0,0.0,1.0,0.0,0.0,0.3369367330042439,0.3657766126338515,0.14953498049291977,0.14775167386898488,Desarrollo,Evidencia limitada
MAYAGUEZ,6,6,1.0,0.29453215025886187,0.46945745238942066,0.14518490576716647,0.090825491584551,0.3420935602874909,0.3650179658318057,0.15724963875156975,0.13563883512913372,Desarrollo,Evidencia limitada
MINCIENCIAS,10,9,0.9,0.38383838383838387,0.23232323232323232,0.0,0.38383838383838387,0.37688681671537566,0.26918167525691883,0.08657288344326934,0.2673586245844362,Investigación,Evidencia limitada
MINMINAS,2,2,1.0,0.25,0.125,0.5625,0.0625,0.3505253385872236,0.27279522824769725,0.2308237321185098,0.14585570104656947,Investigación,Evidencia limitada
PROCAÑA,8,5,0.625,0.38333333333333336,0.38333333333333336,0.08333333333333333,0.15,0.3748647153142233,0.32934729370926885,0.1374367634725856,0.15835122750392225,Investigación,Evidencia limitada
PROGEN,0,0,0,0,0,0,0,0,0,0,0,Sin evidencia,Sin evidencia léxica
PROVIDENCIA,0,0,0,0,0,0,0,0,0,0,0,Sin evidencia,Sin evidencia léxica
RIOPAILA,19,16,0.8421052631578947,0.30522446303696305,0.1937859015984016,0.16559534215784216,0.3353942932067932,0.33038059506300355,0.2355429678671843,0.1651696253825997,0.2689068116872125,Investigación,Perfil documental estimado
RISARALDA,0,0,0,0,0,0,0,0,0,0,0,Sin evidencia,Sin evidencia léxica
SENA,515,485,0.941747572815534,0.4348267067350624,0.3059925005792541,0.11255067276938151,0.14663011991630198,0.43352981177687266,0.3059190010503245,0.11359992137085284,0.14695126580195012,Investigación,Perfil documental estimado
TECNICAÑA,21,20,0.9523809523809523,0.25087679504134497,0.34571445292878067,0.12215720576553732,0.28125154626433707,0.29079466546245275,0.331261059918266,0.1362676300244288,0.2416766445948525,Desarrollo,Perfil documental estimado
TERPEL,16,14,0.875,0.13605442176870747,0.18559646080654482,0.3890111600195634,0.28933795740518425,0.2337944153253578,0.23424554959433308,0.2954600427373335,0.23649999234297556,Mercadeo,Perfil documental estimado
UAO,194,170,0.8762886597938144,0.42847188047040563,0.2894345441745647,0.16980722806595505,0.11228634728907458,0.42525846523897587,0.2901523069369354,0.16951174198130267,0.11507748584278618,Investigación,Perfil documental estimado
UCESAR,131,118,0.9007633587786259,0.40643179537116453,0.33956913010518497,0.08926108605548545,0.1647379884681649,0.40363481185034455,0.3366617194639391,0.09513822609351096,0.16456524259220542,Investigación,Perfil documental estimado
UDEA,586,330,0.5631399317406144,0.43534574739816767,0.21866044691864642,0.14933560950688604,0.19665819617629987,0.4334423550130648,0.22112203006507555,0.14978128212557207,0.1956543327962876,Investigación,Perfil documental estimado
UIS,1460,1221,0.8363013698630137,0.3459028981324288,0.3123750616029144,0.1724762811337556,0.1692457591309012,0.34610377147257704,0.31229365796598774,0.1724113924043361,0.16919117815709928,Investigación,Perfil documental estimado
ULIBRE,631,522,0.8272583201267829,0.34410399867408925,0.26417659402309884,0.2275818162707632,0.1641375910320487,0.3446026153588746,0.2648942195846428,0.22639585127586564,0.16410731378061705,Investigación,Perfil documental estimado
UNAL,1711,866,0.5061367621274109,0.3656311407961103,0.3098591235618841,0.14700786945904717,0.17750186618295835,0.36568821003707563,0.30977345176205945,0.1472074197910468,0.17733091840981824,Investigación,Perfil documental estimado
UNIVALLE,546,394,0.7216117216117216,0.3688714132525486,0.2611781281128039,0.23147769799487541,0.1384727606397721,0.3689149526845317,0.2621973396421215,0.22981954899852236,0.13906815867482436,Investigación,Perfil documental estimado
UPAMPLONA,543,471,0.8674033149171271,0.4226495673217873,0.3366187646003656,0.11934183485372336,0.12138983322412372,0.42156808788276195,0.33590640512628805,0.1202804345146067,0.12224507247634327,Investigación,Perfil documental estimado
UPB,455,407,0.8945054945054945,0.42622333986031047,0.24049334871495043,0.1765760334738458,0.15670727795089334,0.4248901759860745,0.24197682413898605,0.17628616405102485,0.15684683582391468,Investigación,Perfil documental estimado
